{"file_hashes":[{"block_hashes":["DZP8FMu3W7q2ARY4HRlBhGZA7iwl8cGRASO1thebw38="],"block_size":4096,"path":"assets/config.js"},{"block_hashes":["uo350nzCVLTHCsBQpgYzUiapzdeh85Az35wF8J4wKJw="],"block_size":4096,"path":"assets/content.css"},{"block_hashes":["cTtDXW/wGioW33ucM/Ivttv0A8PWutJxxAVIPrfQEgY=","YiGo8RgxWUQbMl/oAg4zLzYhyeosZKy13TamXN/ygyM=","RVuWi6dn4K72LkIkYgSNF9fiL00fje8vI8GIAnK6t+o=","9axUF4aLGxQKsxlrEmQKM+QxudNttkbp/4QMnglZv08="],"block_size":4096,"path":"assets/images/logo.png"},{"block_hashes":["Fz4yb6aaGIba66Xq3GD909pk6Rx40RUyi9JAMCwb4HQ="],"block_size":4096,"path":"assets/images/logo_solved.png"},{"block_hashes":["n+wIFfTgePDVy7J5bzimtc6lv0kxQTOSh5xWjlqVXJ4="],"block_size":4096,"path":"assets/inject/inject-aws.js"},{"block_hashes":["Qc1w2NdG4ChU7msXnywjrf4w5wxDcUCCpqb1of1Gjyc="],"block_size":4096,"path":"assets/inject/inject-funcaptcha.js"},{"block_hashes":["zWSoIOTNw8kmKkrMT3mZl56W/BG6MiJRR7qnaK/j0wM="],"block_size":4096,"path":"assets/inject/inject-hcaptcha.js"},{"block_hashes":["c5o12hScW6rF1SkpWpw0Xcle6cm3IMreJ6wd54cPvOk="],"block_size":4096,"path":"assets/inject/inject-recaptcha.js"},{"block_hashes":["Zfo3yD8VDVLcO7zo+gWj+EX3vyOiH0QCSpFunjJ8hlI="],"block_size":4096,"path":"assets/inject/injected.js"},{"block_hashes":["hRk1WK23k/uY4mY9AgrEdta1AMyEVvUVUWLipANynjM="],"block_size":4096,"path":"assets/inject/solvedCallback.js"},{"block_hashes":["N3wEY9U3eT2iXVcKgk4/OMO5r2K1NhpiXwD5tbnKedQ=","Ae6mmP6LFcTx3ozmNK8L27NtcXitEHU8zPcS6AKuz8o=","plF+OnAIyhBelqQfQW/fy+DhKPBNP2eKlikZwcaSSrU=","mmIAwrG2D9rJLu1fuuGaW694DVZpnNt9d3PRNNR2NmQ=","vUw2soOMjsKSxIlitl4gL99dg0vn/quW6hrXfMNVSGg="],"block_size":4096,"path":"aws-recognition.js"},{"block_hashes":["CXS/stkM+uJQfdQsDHD26VQX6Z7z5MtoJ3zO0FCgIfE=","DjIF6QIksF0G8fi0Q68Jo4601b67kAOcrqbkAgt/kXQ=","hHUo5a5LDA3uncPmMLjuJh4GyBkrs9fFimlN5PDGmWQ=","5bYGWsTQDTSJRiy0w+c0kNiEOxyth1dgdPjoWRUI4zs=","MuwETBRW817YCnxbRnka7qVPlwP6ml3RFCZEyG7JxVY=","enkVvmrJNqipC074WyJbqi1Z9qn3zPCbGrgQFeVYIc4="],"block_size":4096,"path":"background.js"},{"block_hashes":["Vs5BSPk2pCIwtXKDSTvzgLfhambgamfbSB/0o98aG7A=","/iCBHzkuURr/giQ9tkWISUEs879rUWceXYhBWjWRn3k=","bEyL59PJ++oRXjR4f0Syi1Taz3XNfhB9bN8ZWyPfBCE="],"block_size":4096,"path":"cloudflare-content.js"},{"block_hashes":["NdUDsVC/EYdvUURb7UpLPWcbL7cKN12HR6pLJn/xQ7E=","ulHS54bGp5iF2S8lTmKR7iuAo00pw/glEMpgUdMGCJs=","1xHaDSeIsZ1iUAoN4Q372LuxkIywZXpCPaB0PAwweV4="],"block_size":4096,"path":"core-content-script.js"},{"block_hashes":["2k4s9L60IHo1v2rPo7uLPNjNVDlniFQz1jfFrL7Fpwk=","lyAGv6w1cW6gF+KeXXjU6MhxATFAhVpIBdGWnuIeS8s=","Os+1QJYvjokiUes9qQGKTH3qBaa0PIXWdJiE5tVgPzc=","lMQ/4oxdbkyXxy/A2oIuhP150OFGrVFFcUENGVaY67Y=","VT3/NupQB6O/h4vNh2kXmdrdEGzsjBX+nkv/M0N5P/M="],"block_size":4096,"path":"dom.js"},{"block_hashes":["gplTqzEuT2IcBJb8rzSpH2BdgldNP7qYcyLE21vhEyY=","B4jjyMsZ6EePjSh6s+rfyBdQWYV7c3VvG8wdy51eCA0=","0In0Ut/4cfxBYyduyzf+e4bvPdoO63KFk/UlKhxPEk4=","W9oWN2G4WF1cUDF48i0btiezKbj8AVVAJH0BVpKzhkw=","gXZCzz8AUEPcuKFpvERetUNeVXZIEcGWN+Aeue3lZNY=","7yStIkx9OU4Hz54G1kvPOMUq1gG8cACGOXglb1Bo7D8="],"block_size":4096,"path":"funcaptcha-recognition.js"},{"block_hashes":["ToD8RInYdaHx0nXYs/eBRiQp5bJRhqXy9Hxm8wJ1ApQ=","rnuDG16qh0xJcDzWgmUhGaq7XwOwyGVYNoWEWY9MUAo=","bXZumw16ZTtKE3A1w+9IzEjsg+pKlDVhbmrdS2yzHPo=","zSLa+NStBSuu6aTxf3qoWbrrBzRHCivx2ta3Ug7TJSs=","UWEu5tLXvzmFA6vJFLrtNL1N7TYcmkJFW3zj+rY/AlA=","91N00dvHTH1Z/iPwRPM4NN0t01NYPdfWeTjh0aCIG88="],"block_size":4096,"path":"hcaptcha-recognition.js"},{"block_hashes":["FavJzoWuEH/BljIIQacZGSAlfFttiC7kf5gl6xq7mTE=","vRy+5bZUYvM6ajHm+ADHBxKA3qDklRtOCFg/SJ0B1ng=","udIJCzAczdzzLAKas2wl/+vQzgCGnaWVY9mZYTa4q1c=","y7OjTLMmtn0vChpUFu1dfH6Bi8JKPSWmKFa51h+CsNY=","ZiBhLWNvm4UUfxiw/CmeP2Li7u9zmXvuVtUnD0wBNAw="],"block_size":4096,"path":"image-to-text.js"},{"block_hashes":["xlsbz2v/4vdqvxZqj8WYuThkD5WG/6lkyB1iQxT3HfE=","iaFABIsxkBBMb7Wb9EdZKQME1cSbPFElp3QpgR/ip9Q=","3jwODVbqIhHTT68HGpA1GBa33dyL1l3SPiO7+bsRF30=","dG0TcfX5Krk7NgwhcZJaoZzA5A9pBABStS//yigLRq0=","hs+oAPAffPYozr0uEd919avAFLaoxklAGmE9eFB4F9s=","cwKkDbD146/Q+LKncLaB1aSvLg0fMtbkXQyUNhWCr1U=","oLpliqySgAl45i7/Mphdkrjh2XoiHOLQpK1VWbHdRSw="],"block_size":4096,"path":"my-content-script.js"},{"block_hashes":["NxptgYzkkQiA6XU89sgAh7vDue5hl1nwr0Ns9kjVHN0="],"block_size":4096,"path":"Packaged.capsolver-automatic.zip"},{"block_hashes":["yQuvwXaBk00MlLVMzrnkpj9Qu+AgKsmABNgae462bFo=","ZDr3uh4R7gh9MN///eCohFqVmyZbBWfYU0JSaZZ9ipk=","tHPN6Frlq9WVtCs58GRxV7kTYjnfB2XrBSduBvzwIBo=","bAZP9m1q32qsSvKSgjdN7ACNsHBcHaZAUmxQzJBvg+I=","3Q6rgrH2S9ofM58/4yET9ehKTK9YFLNEkC3xsMFLpdA="],"block_size":4096,"path":"recaptcha-recognition.js"},{"block_hashes":["GrV1UIZpmWihU/NGYicA2bUVQ8KFyZ/z9Cpw7Yn+m1U="],"block_size":4096,"path":"www/assets/arrow.1ab57550.svg"},{"block_hashes":["CO+PJ8OAUUOJjooyLXX1s7lUQWEgSSV31bVcL7kYCfc="],"block_size":4096,"path":"www/assets/aws.08ef8f27.svg"},{"block_hashes":["7JCf5VyhqSIxnNVrRnCWBpKSBR3XUny5qTEasXcI+lQ="],"block_size":4096,"path":"www/assets/balance.ec909fe5.svg"},{"block_hashes":["oWS7eFy/aSBaqgHM3qwyl488YamW7k9lWpriLbyqv7M="],"block_size":4096,"path":"www/assets/cloudflare.a164bb78.svg"},{"block_hashes":["s9RoFRMebfP0gwvQMzSfu6dk6G0Fz0NqMNMSQ+Eva2A="],"block_size":4096,"path":"www/assets/copy.b3d46815.svg"},{"block_hashes":["BHgT5PM3QqzBiDEd71DPfExbJzcyDzF557i/2tM4xEs="],"block_size":4096,"path":"www/assets/dataDome.047813e4.svg"},{"block_hashes":["/MSMc3lh8DJUjDrQaRSGx8nQPFXaWMmzBg3MmAj052M=","HMDVoe4KQuxXYNMILJv6pCFZlNL427LfDy7cxxKs8hU="],"block_size":4096,"path":"www/assets/en-US.553867d3.svg"},{"block_hashes":["bdr+tWASzII3ka6+bD/THDMIZ8sQxY9tL+I50AuNTu8="],"block_size":4096,"path":"www/assets/ErrorNotFound.df3ae015.js"},{"block_hashes":["L9eHbJtzvZnlv52eP7YqbWU46S/n49SPxRBo2EDh99s=","nvjuGioSVENhK26lL264yv0QRF8/DVUy1XzBsAvRIgQ=","RA21QWIYCWClhqxUncTlYOl6vOvhWif+ygdFER3QEog=","LbAsAwb67zzCE+GsJ5NzN+weNL36U+fYCmaqB7JvZzs=","z0f7dLxWlXZ/JDuIFKZFbbvJFFk19Nw0ro5ZXVPP2eo=","Cv5RE7QyfdWXy54Pc336TQRG0U/LmPdyKsWudSLL00I=","GwLtzfloRq4m/MCkZYhf0PCKztaSQTLKdVlExUOjGsM=","OXSqshU+4jLUtt9tDTIT+JR0jchoMXyvPGtq0NgXClk=","D+rBiYEdrYA3pJpjjm24LOD63I94VgR7UUE3yO9IV0w=","Sp0aJgP90faCEaDH1UIfPR3BNBDCOHbMR0aFH+WgL7Q=","os9TXwHbP8zmDKDS8RjQNILN0Kcqq+BkVdTVXlokvjE=","gkw23qRtbh7MYzETI1t5JKDb/1/fNS8yfqq9IsuP7Bs=","sglPe5TTKpJrrCl8tb9I7bIIDF8G8SrzyAyVSYoA23E=","n1QGW29bXcEgHmhJ2dtsyxkFvk31DM6DICP/IV0getM=","FFU1RFcnylILHmCetPUTKgElKYYrzbMlWjS5X2ijP3E=","N1yIqScP5c4pYkMzXa1/VWhsaFe15eEnju3PBCn+qsY=","VsAKKLaxz0+c1auobQ2iWDSh4LHhLxgNgm0EEi4vS1U=","x/TkcaBQg+HgjQKkAMi/o+numAPn368BM4hU4XxUzoQ=","hxubAMXdWpoyiHUyowwyI95esy2eBgYGdaEUIjPvAOc=","XdoHDj+o9nCSytCWQJsCiIn0v+Hge7gb1U3UydlkHfw=","JTLMlkuGZCbySRx4Pu71R64dqeTfFXMT33aXsthIE0M=","hmx37EduhajqsaUaGvhBfps+m+We7Mt2RIVdMBEbtNU=","Ptc87QpXil/oLisa4Clb9DFVLqH/7wH55/PcwhzAWPU="],"block_size":4096,"path":"www/assets/es.6fe80291.svg"},{"block_hashes":["edlCrDZ3UeOKO986oA6+CnAxXmdw3HaAoeWdw8JXZ2c=","T4rGU+thaKK0uTq8+GpPf+lVn3KsLdF6RojMqlRnFhQ=","F++w7i4ZixN0VG34TjO4jD5mUatvJZmy55Awq9PIImw=","KF0akt7H/jklrAb3NdNKkv6aAjfhwt3JABcKcpqaPkM=","XlWbm+UV9io8BokuyDJY5QybvhGOlF//afA2jfGTfnc=","XF3CbWsxDNt3Piz4MIfz/0azmOck4bc0ZOlpLSfAb2A=","O9xkQDdoW9Td3b4bqkNHMKFEEyMo5jbXAiVCByJxYtI=","v2gplxGy45jQDSyE5RtFLG2VavCtDTk3T2wSbCx8NNQ=","p25AQga9oH6gVYt4pQbyNutxtkVPLcJ0iqu0+fzWZgc=","6RbFTXLApuynkQns3zzhFSbbXjqL5XQYhlqC5AViu5M=","c8UPUuT5Xm4M0XIez0eD7vb63UBbDgoeHJ/+TI0Q5dw=","qPfjCV3LdVxR5roKqO4hnltnEuZJPRskD+MwSNMQc2U=","Z4bf23aENv6z5spIcNvwR2UWuq4OEvV+KKHKgvMM6J4=","qBzG9L7K6EvlewLNsb+g2HQZLTGgxoHwbl5PC77+gMQ=","At5CEty2m588Nvhl5NMfJM0YggnwsNNMKJ0IALzgftE=","Eg0rZNgdt4a9Jgf+W3jE5wwCou6kVL9zEE2KjPLTVik=","NJ/bs2X8QcsG3uZj39A03sqUwf8tOICN10cm1kY4mhk=","efCtYWdlBWSsJ5Gbcv7x8xvepSJhZL0vIaVJQIahM4g=","/9h+RgN+lPQ8LL8zaiQr/kYuujzMbjfBidHq8ES9anI=","qsgY9InZ45tJ2+uyAiWMSQym0rmdRSf/GC2XqCJZCpg=","6FBR8BEht30gjP9P7J0QNfbiINj7vJa8AVPMtRs5suE=","RA7tkv3Qsiee88Em1mBJTG921q0XzNwlr8WOnb9v03Y=","MHlsuqRvW0F85aKhg3Oe9cgDRw3kDykgGAooxmPGnfE=","nha6J4Xia/8r3LI6/Ar6nO3X9X/r25nbHwM7L4wg3nc=","rt1L91wF5osynk468hglRez+PqDKd2o9gBrTMbkE8d0=","EIzlq6ntbIhckTbA7rr8s+WWWpV0++1e/x9eC+tm0Qk=","bRY1gaVzX9PNVMi94jQGrZnMhKzf3fOSK0xnyuPtahw=","WyxwmMWNAWeIPJzp9IIM3fRbBnaqbZjsirRpbFMXd/8=","d/Q+V0wWJvXFnsuaCaKfBE7FjL6zqvJA1xC/4Mn2+QE=","bwahMh+45hXVjiN4w52y9ZOaYlUmkjyGMwPOotrMCeI=","wHefxZTOd1eWJ8S9I2FwnAGpiN2brPd0mOLr41R0QXM=","DWhYZ2aIarhtP0RPmiz0UhL0UPm0xru2+VA7q6O5E3s=","iRX56NjzUJMacebs66VKAP0upa9WvqMsQknUXFaJ01I=","KAqcn0AZxsJ/LeSKcGO//Oot2pAhOMLgI6dzMBZCido=","d+yAWX22WozQU8nqaBcedquDWeqJxcAt/PxZhAMg1cE=","Ok3km38+nPe8mWYPr7FoJ/3GXrLdOnE8iMC8ocFXhW0=","HrY1UadnCLHicLpPonxjNr2RrF0/eTCAVLN76kYyoGk=","aawA7iwyiJhSmMsPfwnd8XEiUfDhYCC1iTAooydLdV0=","0r4QuCgazDLr9JamW6WmNKuozRVp4RRhtIdteFrJmVk=","pE518a3YPU3aTad/1/2eJOg0fYJ9XpwBbqkCqUyjF2s=","Q0nKK839kS/6cRuPiv1HUQRFtPlY4ctgHUjXR+2OA6E="],"block_size":4096,"path":"www/assets/flUhRq6tzZclQEJ-Vdg-IuiaDsNa.fd84f88b.woff"},{"block_hashes":["B/hKzLI94blL6YMiYFIhtWu69wfTcTbmUvvF7HzkI+4=","IOp0HV9KkABK1XJ+s4zFS8f9Rv5YQ1n/pHP/oxLyhys=","wR/EDbPJQcBs92LUhToaJwRDBQTNQFSraq5wammvq3o=","uiBKso/ekY9FKcSE/aBMLzT8yqqaEfTDRYLF4kwDYUI=","V6bncu9k678ADZ8bgaVs4xEspayZ/s2COM3Q/5koHS4=","nE2FEW8U1WziDziSPzoQcUZpM1fo03L07HmPL9e38N8=","xbS5GcxxXTNVfG+B0sMP3Q5NLU6TK9ISpGkz9LVGMG8=","44NBAjkW0hma4f4wpM+/KxJNDu/ycy3vXvuploi5unc=","vOGhdDIreiTQlIX4Hzi70rY1ho//TfRTOJZBpiBQQBU=","EVioFdiEh+/e5DYMmAw+jLys9Ix7JfUcBYg+YPcYl6E=","5AuIKzaioauB2d/kutCLEcpH8WrocBv5gAxWX+l541g=","GVcpeKDXahGXGcTsJ+uXjOmVK4knQxiF2Soy3T11T+Q=","uuMb1ltq3b2Sh00VELm0yLVekV9j4nFn7YsdQcLfrT8=","1Zlj69MpWMh9wV+8hL2NNmOiQCfRqAn3jEpsm44IW1c=","ug38zgNOKLszAHqr7Ln/wnq3vJzYOtk8g9pi/Qsq7cg=","sB0nPbvqqH9F8kq+T6Ab6+qmsiolVrr2/DmO2nLyLQI=","swZcoNdLzWT6L9pxPJi1N1c1huKCES8cr2sTY7XlUBc=","MfKswQWJ9QZTQ/mbsMhmB49C3CLUnbp85wa2ZM9cAY8=","pP4w2d2Q6AjZWuYhUtwo4jqleWrFXL1DLdAlFGK1t50=","aNoo8gkwMdKtXzgBRHOm3qDxDQD6tIYMZhrVueq9bcA=","i69U1LFdCdgyCIOy4xfjyJKcq40aL4K5ugVZMLgWBkk=","gy+WOgsBofK77sbUqnAWddFE/GjOMm0yYPtudCXog4Q=","1CVdZR2hZ56G9ZLGollhB8kTwvFguAEbJqyJVVFaBQs=","ADuR7Dho/neUhht1jIg+24zmF5e4Eqz5yrQVDhw/e88=","igG4L66MUod2CHQuN9/m3UHmVrsNkD1p+ULJKxjI9+o=","MZOJNmiNDjvKGNTWSQ3kdJZKLJ2OuYILC7kP6sqv4Mw=","2ldJBqIqxYopdLdQnjBU7XxHDKjjmCPFSjTSttwWrvQ=","sZETN0Lhkt5qiGrDdxADcxpZ7VCkDLZyhxr9LPyOd7o=","5Ucm6eY6XwzZrAnr1QRA3XiRrynXv41R9z7BDDCSeIE=","GRT0ClfGj5jN8y4CcnQZwWUQXOaRF0acs10Xaz3P9l8=","IKrZ+46EaBkdeEXAOhl5jLczdOPFFYsD+Ei/EWQOrYI=","UwYQKk46VRNWdqXljCDSymMcCHkMAbql8CX3/Zyh3f0="],"block_size":4096,"path":"www/assets/flUhRq6tzZclQEJ-Vdg-IuiaDsNcIhQ8tQ.83be7b2f.woff2"},{"block_hashes":["6UgoMA2Y8jqxxstnjbVthgdDpNsuwRK8vaXQDrddmOY=","WVGmaHejPd7Nzdul5YCJUgsxaE7L7IejL3nzO7ADNiQ=","TOZz4W0nCd+DnxqPeNDSCO/sv/yabWTziwz3qVI1bLo=","ULbmJleplX6ZkkWUHeZpBQ3R3+bBxkpHtsaSFH1Dhsc=","WoMfz8dASS6KF6t0EIka1GV7kETW/vXQLuMhqMu1ie0=","2s3rm33rPpjrhu1/KfK/UUAw8/VxAAsK7HfVlZpU1l0=","0FEZgYZM4PZmRHgmpFt9fzWpSR2hHf84GwpxkZUU3to=","aYCcmQobdZpHGyocKCqi55CjZ36i9DmaoMfSirpOfLM=","ajGtieelmve4bsRrSDOZUe8O+fF8LASlT84QfNdU1mE=","ULpZFSpg1pL+BXaMbZzj4W2OcY4h05jVh7ueo2rO0qA=","Dk+cmCsx05YQ+JknYvKatoyFpxwakzEOB6uisAxayPM=","agTXAtRyhqwI+PRPNaiq8Yg58FkH8yo0ujIu2GfKZAM=","XPIue6IyIlYOXgL7x6sHuYCtSMgkYL2xX9/+kvZDHRA="],"block_size":4096,"path":"www/assets/funCaptcha.4f6d4ba4.svg"},{"block_hashes":["XfxCLHw/8qKucxlN2yQyxEunFkIVxcNEbuyn+mH5fCc="],"block_size":4096,"path":"www/assets/geetest.5dfc422c.svg"},{"block_hashes":["S69jIaoHyzq4/Q9uJbF7rIsVWZeQHPwGKbMxwvfMNT4=","NSGGDnnbBceId1pjNKraBGTFYY7VMg/neast6gVjBG4=","EKsY6wpXoKia9QSjmC4/QCkqJe6YXg5h2bFA+Qw8Qrk=","uRL2H5tQulA7cAOBe/599EozEdzHHW0/qmclkJaxJ6g=","qgcdt1DDfRF+oTSs3HQeRkTb2cCwjuMPZt4fKgKJ+cY=","1myGeEFB6qfUaXMadWwxR9PwUuQ4jtjlq+4bDufnne0=","bC9hr7rgCZYWTehis7rVDyQNw1Nx/jwi190u/uajDKw=","jW7Ca4bKJYb4rCRDnKNqa5Qf0BKSn+gX+yoD6rbMLFs=","FoXcD43FQUH0hbs95Pm2m5efGPnC2zdzGTOaOg5FMHc=","yqpgUs5/GQLrKKEQfuQhLzToOeG7Ttz4ZEEyqQRiGjw=","1Hm43ibu7pCUkEwfJj2y0xe05Zo033AeH1OHXiB/Vkg="],"block_size":4096,"path":"www/assets/hCaptcha.0406a4eb.svg"},{"block_hashes":["5PYIfzPeZC880cbqk0S5AAddMaor4ZpxUBKRjZQTGiQ=","rMWtp2DcGNmhKKNHMoGxLhQluXOYbg9zb1eR+IgzJtM=","ndcbXtzUOb3lLC3n+xzmd8UxrAkywrfwruJuXfeiyA8=","bR1KbrwpMyibZZFlgtIxbv/fo75LEakqEDX7W7KTp10=","o6aa7k9BOYEXrvG2SZgrarokdqiHUVhzvVUkRtP4528=","Y6k9qsNO0rgxcFw4p4NaOxJcaqr/iO1nCV1C7FW3xGY=","33aBC3ak0IttpFwXb8JmHuui0jGjBxHr9CsOTZ2E3gQ=","yLFK7c26L9ZWaSjOhrYrwaxGXQHZcAXoJABhaQhV4SE=","x59fZ3QsHawF57BhRnzg7ct0ak6JRIcTGcJusImbT0A=","MTDgHdC0s3C1c7aMNbd0c/H69Ebump70HtXCcQ0Z3p4=","Jx2I5CQ+hM1V7ITheENUUkMScEOKCfcy/+FjPIZlaLA=","yECiOeLY581HwrzvVhySIUAUPsyjbAL+QpHM2U0wDmA=","9TTu9yX7Nh38EkitGcP46eW7Dvqf8EbNa1iPhnv2fGA=","R4+BsDashvDA84C4PuZ1xvvPYc5NEnscX/YBSZTHB1k=","qjmLg9SQtWjmfrrxZOhGkKRfXHDbcH1ycQZJUKVbJU8=","V1I/6x+zbwj6iFX/JtR4vI2nlloFiN+dLnHoWfuI2FA=","hQOzpybjv1zYIlcEtRQfdxKumQJVRrx8iNlF4Ld/lvc=","yabmfA/HHxyYrsVQgezgspa3JR9SVS/O3n7KdsH1Gio=","K9UfkpPiquwK5uAoiypBfnY2YYGw+BLxG1Xwy+f4bnk=","xxC183/6jDUDoBeINO5YAn1nAZ0OdZRgSVBchWmKzmk=","eCzYcqba+/M6icJtKvjy4B16qZpjhYozOiOljec9zFY=","cfjvn6RQhqdk2O3bXBkux4YIdJjawYoKjPI2wYHiM/Y=","sgea0lwsXm2azZdM8c4FxSX81Vq9la9kpmnQP58ZMxw=","/Wc29I/Ar1Q9SVKEPRA4P74YnXl9sVx7cRnC+T05rKA=","qD2onRKLpqrLeUcWgC6Jg1GrnQDdbv7L8NbaGqizMiM=","u6IMCk7bpSFUPl6iZJdrKcaea8xnzUZsM7a+l3Bemwo=","oGvjwwBAGXpUrOys+oAbsJxw1O1kgAs2pZlQU5L1lC8=","LkedUxTtExBaZYVQsWQvYT23SdsoQzAJ9NigqbHSMWg=","XDuILERmpXrpllt+8TOxb5gnGxrqpPLM8MKwE/n7/WY=","v1ObsZuJ+Pk5yrw6AubJAiMf4NCMMeyyNDRpX/x/Cuw=","PQTxrZoGXkb6/ci8EKG4PFgaVn/zPY6o9ZTRybcZ5l0=","8NDJ7R2CSM2bk9oAK9FTR5uvPNuaCWE3Y81BP9VofUQ=","dffXnHGS4UbWpB//ulxQgY6iguTyeWGiLjcfCM67MVQ=","QAbDTT9EOcEmTXygYE+q09r/7Wg+ItQl1ILshW4r2f8=","jf6hUZGOh84huDIHno23c4opaL2ONc3nvSNiZ//Yobk=","oT+vRl/dxm5BxONHgwGenZneKEsQSyAsJw2BUamBxkw=","PROIawexeDjexutN0Gzp+geenJpXkfZA+nQ65VySzN8=","0lTLqwVMrnN+iwYn74NH2h+27Qe2kI7n4NTp8/B4X7c=","Gmhs7fmGAVdQsRQKGKbkSewTnuTgfWAkXs+sMKors4I=","bmnubsGfv3fwUhTWYLKOsTympNaq/MuIdn7u4ZejJWw=","NpfzdI/sdtHvmE6iDkqHyc9IGuZaykTlbvUXmbrw5wo=","GFXcS0iyPT5FoljMZbBoQEhWZZ2s43Hg9J0Nu9g/jI0=","5Ooa1p1GbmR9FbMk6ZLkRqJNc4gyZ58ZB6B7VKZotuc=","AXuo/v7CwDgJfif7huqyxhkph5FbWRu1//g9CM9FFkk=","pdsTQsVIHXCxvpi4lUdx5ccu+hyVoQQ5i6YmSF6EtfY=","v1Y1As4OY4+b5Pim8ejl7+0BebFouIorJMjd/C7zszw=","xzPkXQ8CdY6zDf9vIN9pXQjIOFtn3KVaUFd9qiJP7aU=","fDTMM8nTf2yMMk8juRcHaHT3OyO43SdxxJ1IoozlmSM=","BnbR9bjsqLPBtX9s9lHylUBgExbNSO47T+GOUckgMbE=","kPxSCBU3Bjy8VYKeGYW9B0xsbU4ewKN3HP6Rpk8exJw=","iTf+QxMIklPUK4MHIDCtEqu00HX/Z1HINJxGyXZsVAI=","F/+PTOWCLDN4ujJCIFRjw4ftrbcSUDfTQZwO7Rmkcvs=","ifzTzH/JBBpE+ywJ5mfTczl0Yu73ZcpLye6pHmKNTU0=","ebsFbWPjVgnQ9yp4PvKlwHxTFlTkuCYEh1KJYolXga4=","hpr/KjJPEUOHQNvSX2fu5fV6snWXoXOm0Xf1NaHvIFY=","ZQTn/6CAuLOq8BzG3+il5qJEeWAkbTUJJVTN0XSaQUk=","DDQ+RrTj3mZbKcEYTXvMkdqfiaG7d7i477m5i7LJAb4=","4p415sqJqtpn7r68F2gHaYSQ3K+o/taUZvOHKN2nq/Y=","9cdPcvbe/yWaYewA7+kFC/KBuzALsYaO6/EDc3v47g4=","8MkmrB/6+InXjHviqdeKcpQ2U1mhdtG6gqfttOYbYAA=","OMbLrm0i7Kp882YOGdWnqj6+SecjSNju0nnO2qtYVMg=","LkGXS1ywJFto2P9Vltp3IFBjQYofpXbpVQcUDu8gdqU=","k/CUJeUbGEv5Hcncj+i+U3zvaqFqmdVDSp9iHtGl8k8=","uvdiTsuyU0fiFvVMIQZHeGnZ3cP/XRumTOViqjhPDnU=","NCLn0oU3uWI9+HDqsbzNgRApdoXcQPsoBmfjHP/sT5k=","FmEtmP1vYePqmOIrmXnv301U6ejh29bQpVdQOr78Ul0=","Jk71AmB1O3BpjYTyuNbRhWZ82TsH5hButm2QCh1Djaw=","mrPHXpKQnIJsINven1fjxNk2OgoDR8wkKj+I5DdU0Uk=","8IvOXrBrJy9zunHY4i6UWbTkCFjFuVRQVEUDa7U9KFo=","mmtbQ5dtjq5Qh7bz6n1TSsYHHell2Mt16wkGd5tYPwE=","MyzwY5U7SRwQKV87cyd+S531xckWpBUUbAVf75rkGMg=","ViFoFu02IgsxXWPJbEjfmj6Mefd8UZo8LxLlcmdt5sY=","raqNoYn15vzsN1zF2fAK7cuMf26nyl437NSxnDP2WXM=","mYIGmizQeDrL3WHDmNbvqYBI3gN4ewTCt3HAQ1YoMLs=","lcn6maQgi0ZT6THImh6kKJClCCHcB+a8joTwu8xogOs=","KmOn3J3Z4Ri2wOWV07z4QpWYSPe4pu9+gSgHxdjFXog=","VCVYMygeTcXsR3gTJb8SBwjpBOm3DeCmTTWzNKwvTwE=","0LaQd9BNwcqE1ypS1zPJScXZsCV615xEv8gesdO0lWQ=","FqPzw+Q08tdc6lYKeawEGIK7MX6X2qS+L8FrPzsJlec=","NcQoT661TjaIviGo48LggH1U4Y5xmTsp0A1oFUuegUs=","aJusjZEJXEtzqgppPYeZCSPjxB7iiuqdxno+GsfDGpE=","ibCZd1XuWy+7CU02FLZ9kH/mo8LgaBYxkRhc/zwYsuI=","GiH5NDXrRkPX9VtrLpGqCTMXLSAcFEq0iR9Y9I+9B00=","XEXQmez1gPfRUhfUugR/bsUzE791N6JYcz3ijVqzRe0=","2s72H61ykcfyEKzHExTFEQgOpZCC+e+xKSDp+9/xtXQ=","AgT+t3PFj9OMZ+Q3rZ+wS6WVuWfn2LMEK6RrKSGuQ9U="],"block_size":4096,"path":"www/assets/index.118b3c07.js"},{"block_hashes":["Y0iyStYXGYsvrBF46wbs1rhJ/J18i/wLUCCGXZltaXg=","0YTyy0x978s1f2RtTOKLhqbv/isYWg5QgX+jbHKxDz8=","f8XIfpU7m3aPFjIakeS13fYXy4xN8cixbHP9jMwIo94=","9/q2mJ8SuD+s4Fx/90F/IzIJegcIn03kPGDhOJ/3oxg=","o0yli3Vzx3XG2hfxnk1TCBcRWeziDf3lf/RoeYYqsfQ=","eiPu1Xds3m/WOc/cxVIearlbYZJuJPEyYuZl2XOd8HE=","YVUAH5ul+GssCSCsiZnS5iZ1DJHTDOhk/GtmjHgyhLw=","+3dOY5GKZQnUxoogx6N+/xKfMJnSMTVBQuGsTfLWN20=","MsFcMpEPFeOcv/9KS2nRKB9K302KK2B6uCaKqo9+4HE=","un4RCVY3RyU2Rp6K+PAqmUfdsWV6xaCfI4cjNV5xpt8=","aWgDlt277pGZePYQPdqcJsduUTBHG9Q8V52HA6QjQzQ=","7Z2kVh78azKVGT+r9E+WBKx1RR+Gh9h9WKxL84VqV6I=","plKD6V8OKGBlBRyg+o1NH1vRoAAyuoysCElKvJlhvIM=","SaJ0TJ1VzBhzXes3Zk11wLI7SdfpNAOsu+K4iBaWXx8=","VD7kd8sUEeBom2zGbN1z21NgrYJEhEtPQOnQ4+VU+qo=","3pjgLFqagtAaJ0+SmLqkUseRd2iYcbCEXKdVcYyqu6o=","dss3G3YcQnt4LjdnVK0G1t+CdZux9XFdVl/s8jqJ90w=","7/XtI3JjUz1KIE+q62PmXqMYl6SuKizW2VEiiFYTtG4=","znlKtjs02WHwJC/Au5Lk/qvYFmeWWq5PNbyqy7daA7k=","/IFjqCpewesd645UjafNmAFZsJrg0udFnKOAVqyt1VU=","CuVu0G1/f/wu2nw9+BpWT7SyGkPlMuBeLjc0yZK47sA=","Nvl9eIl9aaNmNzL4z/IsgyprRwLXQ97R82DEPLCDE6s=","gzqoDXQ2NzPlXR+iHkNMOSpKb6pw2Lu3iKLGHyLvGy0=","NkiJnVDVI2TluwTtd0tj/qNW7KkBnov5ljkml0XLo/k=","Nj9f+yCf0ZXdhcdpL8CabthNzJeL6IjisG45w+2Gxws=","YZswNib/AvD6ooTJV7FJK7aih6G0Zy6gUjOgi/dKotI=","LNuhBVjNc5zYs4dZOP/CTDUInwiXXg2V2OavfdUuvJ4=","qnrPtIDA5JN8mrK++Pp5VQdUXe7o60MxLFzfwTDGuRE=","r0bFQIqRBl5WZkRl+mGhbGsOlmyyBRQ6s4FAdYyh4E8=","bPjW7Akekv65AATCgBFDfIfntN4fkkxhBg6Lg3qUGxk=","aBV4+jN86UsbHhNPRz+c9Q5jFcMRYULcQzwP9vzU/8Q=","L+oM/k6A4fWQfhG0ZT5VotpB9nZIFjho1P+AipEvGI8=","KA3ty2gzWmxnsYiBiFPGzjeqIin0cZm/bCk9iT6Pd0Y=","N7RekdsKcqOz1wFrrMS0HLX8lYHJA2TfvaowF3/51FY=","00AODdP+/OPcbdyCSFq02yovyZcVLEyZ9gR834TvhZM=","b8baj5L7m41DjEn9fho1NmQv1kxhO62i9O7S2V+jmuU=","mEmyTzseMURB2fy73TAu3If3zB08+VlGebonOcnSRv8=","e3qSFltmxXNXkqni0lK1fuuX5IIQauLBr9jmoVIeEQw=","AorUmgvF9/wjJhzMfxis7UZo/gM5vlhQf06I8ujEYP0=","ohmzzJUIY9SHIWgDlwbb1cPoiHHioYJT77xxwXgfGI0=","PzeWr4rwZWSK7SSJfwIHYrjkernOw08h4uY8Q0+lwfY=","RBWBR1rjm24HjFwqvH8QoWrGeRFpXWNBUD0FscKoEt0=","qWPIgB1Z9Wy4/0E51ulu0SzQZiSuSXREMNc7gC0/onM=","vPZKo8OW3fEF/IECQyGhQfK4I66MSiPQ9OI6EdVKcDE=","Vp//ag3SDhQltIVXVyJU/esLCuCqz3DYKK/x5xZ8C/0=","t/rAeOzYoGexezO5goDiLxTDesgwmBe1IkQ+mIlfuFI=","xxZAEP/M3WfO/nqCfVIGMIzBGGa9iF86eou3WeDIlg0=","H74oGOVNDItYUsnAtXMjqjqABkSwAjI+z6JR4vZD84s=","ly8hgoFJyTaiE1CDLHWM/2fLgycYQuLKX2ysFmDmtjA=","8TmGISsYOT8KhtmuPNP0F7eT30ePRg6GMOY5I5Z0W9c=","khgJWyEaEHIqvPLKbN3Feh58g5IfVCSRv1nF3b5SXUM=","WcgCGXTdvke5shfDlwtJn/BHE03Rbr36pe8A0YfU1jE=","3G8Jk2KH8+IdhvXyjw+8nB3jjzb164hyqF0ywEkCSvE=","IeWA29lL1pTR7awlsC6O8MEBIUCZOpNgJDVQqSp+LUk=","OCiAuuelimASS30OOcVFVm2PzuJRU3JwHe80IuPQ+Gc=","wUF9iUpjfY/NfhGq+S9w7qp6bmYZIfi9R5qnyJD/nHw=","NbTh21GZIiTwAvT6XQTVEHdLYA1RnA0Z3/uFZ9BU0SE="],"block_size":4096,"path":"www/assets/index.4463c264.css"},{"block_hashes":["IB/D9ClgRDSFMPBeyV4hYfBXGo9VU1bnjHuz70PZJsw="],"block_size":4096,"path":"www/assets/key.201fc3f4.svg"},{"block_hashes":["cF/LaSPhnlKvJ0kNQbDhuVR3AplL38bnab7k+uhp+X8=","UNo8veXyaNoaa5d1cN5MV6hHIL3KvuXQvBsWNM/4cZ0=","4gZm43lA6xNXrXtOapk7f0T5c4/13X/KodqTUSkM9iM=","oANbjFz1L7iUFp3C5Per8/7FWC0ae8o7ceanEGtV71I=","O6RrTuerQgYm4hVyTIbazz/dj2gRaWvxcUj2271WigY="],"block_size":4096,"path":"www/assets/KFOkCnqEu92Fr1MmgVxIIzQ.34e9582c.woff"},{"block_hashes":["MgbOkfEOA/TLjxFGUXOKUoUmu8P6kzBMRVY+p1VSyxg=","EhxnGTY5aPzfuVIyoKArDn5NMN8hTaw30INkN3kJwoQ=","bJLkuxMKLlBkNJYq77/D57NSoNNNp38CzwQHHYCf8nQ=","AmdzmOuHvb3WVBckPUB+QtTMiNLAAi4vNvwShZ1pANo=","JGCQtV9I27QTNHHSidQQ05orZXF8diw25oWO3WOrFdY=","ReUZCg1AozDTKMXT2LJ+DPTd8bCEIBTQgY+ykL1hMSY="],"block_size":4096,"path":"www/assets/KFOlCnqEu92Fr1MmEU9fBBc-.9ce7f3ac.woff"},{"block_hashes":["IOuXBQxnkwyIPalJvnAib7QU8Wb2RZAaS9WisdeHz7E=","DQKGSLYzIsOIWewx5OlKAMBj2Eucbrvsrqf1mc8MJ3E=","S5UeBP+6gpAEGqt8IwuWkwf7FUEjMcEwUYmHV0mwA/g=","ZEjKbWp+OvnmzYUyycmoKUs4IcYl6GhtiZYUAS4Qb9k=","CS2zRqYS4VbDyF4in+kgsQyH04BJTrkf/kkRBnKd5cI="],"block_size":4096,"path":"www/assets/KFOlCnqEu92Fr1MmSU5fBBc-.bf14c7d7.woff"},{"block_hashes":["prmfoiGuHL0ZCI5jr4+n3vyfG6zQrtM+KEYjZ810vwY=","o9xYgpnKAOIUYbUa/5LfdzBRfMZ+J6esqWQ2K8X8L50=","S9ONoqbSeJcVNBb3e49RrUVmeu22L0pGFE4fVmDeTMs=","WKKTHEua4o+g0G+4zn4YrW32JUWk2loRTrRvH+4Ufp8=","lYkgWyHXLkaZyX6a7dzDpPpNrIChwW9WGomO63qqknI="],"block_size":4096,"path":"www/assets/KFOlCnqEu92Fr1MmWUlfBBc-.e0fd57c0.woff"},{"block_hashes":["m8v1476qjFr6ni8X1OFWQ4+Z8/Lt3U59OM9fyqMWFc8=","HabEMVYzpsCHtHbK4D3fGRDyoeMzMpqD0zzbUUVUHdo=","odZRpAKdc2MbUEiCKChyyz1fOTACQT4fg5MvK0OcYPk=","K1L68IpMu8wjSSIl+tpjpoL9WFtdRvvBVl2zSghp7Oo=","PqVEOrbVTyeWLFMh2uSKHAjlSnTQRuhUTkgMULhpWlo="],"block_size":4096,"path":"www/assets/KFOlCnqEu92Fr1MmYUtfBBc-.f6537e32.woff"},{"block_hashes":["aUo0eP2WLog/TTNMPZm3jwv+hIrbHL3eYs4k5FqNusQ=","LiITShX0d/SPizVahgk6AgTD1srEeS0D8vbB9jfEWw4=","RuBYYoGF4T26JZBM4tK4ZxnbvKDfC0SkHJSNgJp58Es=","aT5Nek+zTctgbxe+yyrqfuzyNEtk+fJt7WopvOnMZlY=","2OHmZ3nXMdCKbj12h6jh2h/ONexrzrO5vwUtIkr/XGo="],"block_size":4096,"path":"www/assets/KFOmCnqEu92Fr1Mu4mxM.f2abf7fb.woff"},{"block_hashes":["ixiMOnzeJwfVx4qwEaP+8GhWtvywzW2S1HLy/zXRNX0="],"block_size":4096,"path":"www/assets/lock.8b188c3a.svg"},{"block_hashes":["sBZTctyP6QGus5HgIVbDPZeh88e17u926YrbCBkmpnI=","TcrQbqY4k7JlBzEI/E5s4fOwzyfZJQZ7rNMMXBX/eRo="],"block_size":4096,"path":"www/assets/logo-text.10d5eeb5.png"},{"block_hashes":["3sFbQSRC+9NQNOW1Pdqwa7MQuUTngcXklyV+8z3mKKs=","KHxjNo1emLpfUJaSfTK/7CMSQzFNVhqpceziMFWQhzQ=","TI57L8M/OFyNaxUni9YtpYU9UpANyavrPirkeuSTQnM="],"block_size":4096,"path":"www/assets/logo-text.e47c19eb.svg"},{"block_hashes":["cTtDXW/wGioW33ucM/Ivttv0A8PWutJxxAVIPrfQEgY=","YiGo8RgxWUQbMl/oAg4zLzYhyeosZKy13TamXN/ygyM=","RVuWi6dn4K72LkIkYgSNF9fiL00fje8vI8GIAnK6t+o=","9axUF4aLGxQKsxlrEmQKM+QxudNttkbp/4QMnglZv08="],"block_size":4096,"path":"www/assets/logo.eb4b912e.png"},{"block_hashes":["JA1Wfap6hEH0yaLZVAj6iWLTlEyjaJkbNb00Af3ghI0=","Cp+M6a1SfdTK77i07cdJedDQtEMRQJMLrkzCXy737S8=","slo4WpNgrjjVES0OO6FWVcj2u8hEe909piGqLVhN370=","7Gdb7lyyaLgsZ9EUk7PxfwfGzb1T+NhZB7u3jrW9e1o=","/GLzP4SzZBWvxEs3ObAS+bn6oHNkLUcC0XYW4jlB930=","No8wFDOOxXKO6gY11brwGau/Qw19KzrQjgyAWD2kdlc=","ww5bNcQW1w0a4vH1eH1jd2bwWcLI6HIvuE6Y0tUitGw=","DgV/QW+et0/DCuJIcomyVds2qNngdqPuKofFzw/Rqb8=","D6Xy0JCxDjYrGtQwdvbrS74e4hcFHAkMe2ZPhxJZ3dk=","iapnxbt4QzXzOCVY9pV+yk5w9OHyljfUkn68wEVQaGw=","oVwem4CHflrHF/N8WWgk+TqbHzRZdBdC2aeOdZ3vuv0=","aCbBt1aIhCmx4fWjw27NUjCFCoZ3s7b8l6FCJ91v+hc=","FgZXhDoQjYpR+GvFrSd8g78BD/Xd/NDqqRPeOJyJC2I="],"block_size":4096,"path":"www/assets/Poppins-Black.9f39397b.woff2"},{"block_hashes":["vPd7yz0xZ80p6jUDMRIcKYODLE9uHSFCTMWs+UaxO/I=","FSDm6+HtHbuJaUYzMYBcPS7TErDvsIVpgs23KvoA+Zo=","Tbkui/oFI0fPPxqQK5eggCXfVtktNuza7K+nVMGD6Zs=","s5sDzqwV9OfPD63wDhQoWooPATfsrxA5aov3+fBefQg=","HmV9CDsi6lJBvFSKlGwJuhq3hfOlxw/02QGRmZkaU8Y=","+ZDUqrewwsfuawum+lZ+SGUtLyveuSBZbLvFRoTsw9k=","XOjcdcAbPqBW3SP77Vm7E9AohE5HjL8m3NDm9ZlcqiA=","5jCGWCtsrBTeei4AWxEtp6ke7OB3PjVoSw+F31wSA2w=","qEO2nfd40fygm7FmTK7XdD2ONtvPXJth/84OcpZqFlk=","szV6FWKNALl7xO0mRfkfoIEjtvg76vzh/KCMTjA3pfs=","lWBOQlontJOmydcOWL8RkGCVrctx0dE9agXAVRLurWw=","EVRhRjXRsqYI58EWwbdDHMuOjdRKIb69qbjXctQWccM=","RuOZi5+8XRdRy1UpUW/fBZlion4DygA7WaAYk/THPvc=","NBLD5tx9ztVLdS5ldw7CC4y7Yz0zzDZ3PbZPst8hj0U="],"block_size":4096,"path":"www/assets/Poppins-BlackItalic.fc73cdef.woff2"},{"block_hashes":["1owKgkhJ3YzejR83mt1jC4+pXVeN7hYTAeYCgnr8oNo=","1jBMmxahR6/a9IiMn0Ag6LC06DeJ1MXrHA3Rk8t/gA0=","c7tGb7kVfN0aD0zbyV0j8V2XkO9auTrJXUym56gRcZ4=","cLJTYHpfSKxnzs3R5AlA3FxpZ/LWmBeII19k2f+zlRQ=","RFLfVQ6YvM2qvjXxF7V0g1JG+7OM1vGoYke1gIYlJOo=","rHEas2rHdQSXQgm2rp4e+H5iapoAOl5QJaEeliACm+Q=","SOw9BRsZncvEWtYCzrSD/ir4gnIsuT2xNqjiYyah6/0=","PzZTeCt82tB3mnrNltMYSRhcO3ygO9k94vpwQYxXZJU=","r2zgySiwjFITujw0d1YXWFGq+0M0eeY+fgkU8pizHBU=","Z3GjA3KglA16/jtWKMXmacaj+M1fA81mjaWB0S+TIvs=","dfIjunCJiDkiT7ol9Mb0pJceuZnd+vEsWUKp+xWJA7k=","Kw0tMu+J+2lTZ+JoH4miIFgvpGq4yu19ADd+z3MWxws=","vAksWJgcOkmyWQssDIXvTSwfDGgXXLaTEEy7DcAI57U="],"block_size":4096,"path":"www/assets/Poppins-Bold.d83ab9cc.woff2"},{"block_hashes":["J92Z+I6HtdnScvZiOMIrWkrrtFKijOTZaJ+vA+Mnrpg=","Xxe4DCqTdsjMJOfud8nMVFX8JJI2Z+2FvjBc7DK6zSo=","TcFLaWo2kQzi5rTH8srCUjk5e9AcMk5dHjpxbWn2gNA=","+0zuBnnfa4AuOAwzy/AJ+uv702TPwIu0RuTooEg+zto=","v31CZSLROfZtnu9fKhOirYX9XRmcf63ZoY/ev4yvoV4=","yXUQRCvJCULEdaYJldYSQ6t5QbjPqUtBjjWKjcUbMoA=","DwN52/gqRWoVPraXzf4kqlp2MtOaBjSlz0pZNH7EgsE=","6Odb++GufMzs7Rfoj/9K80QM/vZOGhP5iuRu3SwJrM8=","Y6z7YfQzIvnanWSw+08mFBCqXeB0IXTqurHcEEyFl58=","ELCFkm0Xmc44GvgAu+UhsFNo2YfDQz2pXoxAXri+VIw=","jwx2COTtbtyYFE0KovA4S6CjV458MGy5tkbveCHRNcw=","a0P/UY8e82LuxBeHWlb+jKHX2toTT/F96jESyb3Lyc4=","FZcJpYSvp+Lkju3zrUSBwlweAXeYR4VMPAFXQTlTAB8=","apPnDNO6wusOgAAWe6KfDDhUoarR2yQV737bIZM20Z8=","PONe8vuzVHqV0dFYa5wJ7dqoizMYbzE04ZTRBMj+Y5s="],"block_size":4096,"path":"www/assets/Poppins-BoldItalic.f401d78d.woff2"},{"block_hashes":["yxkSXedVzyBlRJXfRIYSrQUdvmIIoFPgmk/4zRNbW2s=","J8bAWNH5V+0sGfWgADio8bKrGFlLGgfsdhQGGHEEFqk=","GqkmJ/7rO0Zqz13vr5Av1jtI8spjfkWkbZyo5VUmAoY=","lHxFdxJ/GCuqBGcixR8x8IvrRhWnf3eDyNNIxkVU/aM=","OsegIFqF3TFr8E1Zi58nieidUDxGsViL2NG0K/4s5Ww=","RMUiZnprG8oakxHtOZVho+Fxzo5fXCVEGA+D6cAxIP8=","SKHu0DwWF04IYitinI1bhVs7k+S7w6oILVaYnQr28N8=","+F4XLbadKE7GIelECDsvFpMGYOXf+qapeReS9taS7jk=","/d3d8FvVGOJxuy3iQTmywZn6kE4zfjJSo0EvX00R7B0=","oQ8Zfo+IYeoqSMAFlkVQGdZeaLcuDzy/8NJ3rvDU/+g=","F3ZcFQ6ciAXIlfc+gCGelPL6I/27Yoe7z1E4J2wp0bs=","+DnHYB3qG5ETpPgcj6j8uoTQAzbDvF4HGYU87y1WjEg=","PmAvBvaMl63Wvb6IT8/2ER0t4r1PPPsyxmJnibayAdE="],"block_size":4096,"path":"www/assets/Poppins-ExtraBold.b98326c2.woff2"},{"block_hashes":["m1Km9wosXqWYH+t373HWNdBs+qatZS1kIlEN2yzDquM=","dLJWNEgHFjfMcFTYpUvsO+CnX7ZxazZxQhSPHHemAwY=","m9UQIbVjJKPKaG/6pIlWo+EhgcdArDvZYFCMFyNHX5M=","f8IXjxOfgxbhhWwqEHZKVyUTGfmpDZXv4eImhxGPqNg=","1Q/eOuII/AP83Cz82XhDrLXBxpINOA9/6gMixdzO78E=","3klnxye//p6vvQ+6O8VFUZWH9Wh1SLFpdnAHTiQryQE=","ABsFXP92UTPSAuC9IgybhKUm3b/OtkfhdZ3KmvA2ilk=","ZZDACdAKbIc9EYSOKdzhDkQwjMYJA/GJzbrIndaKWx0=","vPQzKHDRabujLCsBM7a+BmxWDY1VClkyLCn07avsw00=","B/CR6xJEm0yNqzwR2fOnFwwmSbIdFqXuPQxwm/+emL8=","V8qEJZ8Mc5OJBfPstxQFvxjYfRQ1sbqbaqwQuu5ZxaU=","r66+UZ3tUly7db7N6h3NL3ZRun72BM09Ynje9wp2Aoc=","11114PsR6NmEhuYoxUx4/2aintH2ke+EIbEjh8lq620=","elX+FSxYzGQyoVWHHYivryN+8Uj9CiR19B/0aszyjwo=","R+N781M0VNTEdV9QoOXZnaNN2GQT9K8NTb7W+rZ1En0="],"block_size":4096,"path":"www/assets/Poppins-ExtraBoldItalic.4ed4ee3c.woff2"},{"block_hashes":["OUHU9mHhnh2yDPhHZ1x8hSZqMe36PkOo9k5HlZ9qvUM=","WoNgZ6+HBUKMdsaYaXSdMOuSJxsQ8Kx98/H8v6m+al0=","FcHg55/UihH/txbiEsZ7DvSS+3UMHkY3edvPbYi0nuc=","yE05LROQZijl3+u/WFwP3N7kxoZvwQZYt3U6tcnnlVc=","zKYdygKF10wCLRf5dYqAc1Hdz64wOoawRu0YHAPtq6E=","gNYgwZAlUJIHYhVAuax15fXb0LLRtB2lQufmCCgV5TY=","Xhrmb5mpXhRUtkMFJvtwmuW0UlVvUL3x39UAm5PWQOg=","U3WXUlLUQ8Oy7QqqU7YHJeK5FIM80eDvubIs6RRsQsw=","SCSFJu5uvgmO5yU63tlyHhicOsI5hykEcAR/McMdN/Y=","S3Wgc3hcFLuCi+DTyaCaBXtDmwqVNnOjot4LxoJKagI=","6zHrQ8di+Ebs10Ra6LV93iu2Nwk4aRhuUY/Yr/YDt3I=","sksh9qYiqT8yFqmzek3FtMwk3r5/WPFxrBExtp0gJo4=","sIvbLCgyCU0BEUPGGHVeHoWbQyjmUmsSJkSOPbuC5Bw="],"block_size":4096,"path":"www/assets/Poppins-ExtraLight.f5b6d5dd.woff2"},{"block_hashes":["wIGvppW8hK1o25pGE6fu9k+KriqIloSXsX5aVa4Olus=","Fg1MC3KXB+uG4Dxd14ntledHhOxHTNi1qVwSG6RhY0M=","rRYbzxC2E/XGuStmfnW2lubixvrb9ig9EJJ2kJLq8lU=","9r1TjieAVxUA5EpO01DCk2RHTnQFQVLv1vJWYY9gOWo=","pt8HT+UBfy2JuxXEvTK3zNJc2gjGd9jyUK1ycv+Ej6o=","mS5iVk15MIb1IgFr/O4zQdTy4k7ixxjLdW9i6pzhLfU=","qYFRMVNY5SXjGdKTxIJjzGfMiFdXrFz+/P+kn/v6rf8=","fpnhQKJAPV/tKJSUz7p2lQ9Q3JZflBLe9gr7x3xTVeo=","fM1SYHIKESx6kb61+UtfzZdZ/nTSqzNJgPXH7N6ICvE=","OJppoZoYOg3g3Jj5+3lAv5nna0N+GGibyCTYoYoFjyo=","MEtBCDI3zmZBbGQRW9vNFgLDUg+1cp3pS0exhb7IsUs=","9Dsytmq2TstvEmpy4vM6zjQv7XIDIt/oBAcN5yorXGg=","lATOM8nCe/v8zDcg/pkbbwVPiOaAVR15cexFqsUXIA0=","aQz1WSt5P7xAqpg7kRRDu0DhTwDfXmcr6uj4ARzI0zY=","DE5U206AEPr7pVGjNhHKCf9NsCDROV5/hEk9LdVblFM="],"block_size":4096,"path":"www/assets/Poppins-ExtraLightItalic.70eb32b6.woff2"},{"block_hashes":["f/FBzzAa4lE2niCiCxGdaGJsMIe+mPE6J8YIftndKPA=","zjSaRJYeOknKhkyjjsemjArGhnQvg2vV69A56HKxnJY=","bvJsYybAyq37zJN22D7THdtIQZO4QHRC/Lt4B0TkTE8=","ag95Ry0SQM9jwH6v3Wgn9bJp0l/UGxbjR/kqj7xNOUw=","11gl4UAJ1v8bF+VgE2wnZGr64t/GFuPgGBHrytcmHUU=","nQIvMw9ioIJ/wHgmWu/ukYgGZRoeRe2Zltu6Dq72h/U=","9npmxEmgdPlTj2dGfJ/XpFIcGfYTfp9e1TSXx9xVo1Q=","zMdVAuR3l4BSEBDOkqeIa9AyrTE+PjznQscLgXc33Ds=","ykNhpBqSx5k8GlxQwVVB116r6QD7E3jCSXPal/etwSI=","UfIL5/dFCHIzEOYv6qQYEeMkk6r+gNLp4HWIb3tcWq0=","atFJXtxvib21Brrpsnb1ZU0OuR8kPo+tZURO6XVhhHg=","brjyqwmSXytiRQcngQpc4VOjyA3rf4l2mf3+BRTGtnY=","qdShpkHp9qD2uqmlmrEiCA99oEVM9se017ircDYAFbk=","y3v3veQUv4G0lFeJxoW+JuoWVHtIV30UUUGkCGkDFxI=","ZgkWoSqyVWqUmY+gGzKB9vpaD6K6eHZqQSl6kzNOLf4="],"block_size":4096,"path":"www/assets/Poppins-Italic.e4f71a95.woff2"},{"block_hashes":["ChIsR93EUXcVvtNUfrGw1lC8F4jjqypvvzauO+Nz0t4=","sw0gSH2hlqlpzv08DbjrjJDycrgcnwg5KkvfvKL/P1I=","x5RuwcfNJ7kTWS6ijczeBHGmaCJHKvA3F4g/I3r6y6Y=","uOUovcdJQqUqLb/g6fDnmWvyXjk8CjAWptJjPSOeAo8=","p64GDoz0xK9I1AYdxIMSREZEFgksUosD9sfWhWWKVJg=","5GvHUYqsp0IMfV4pCO0PFDQcLAJC3Mn/BejTlZQPm9c=","+hYVHNbNQJe1a0TpPBnx5g5XkuehtUMnKnR+taIUeKs=","uQzYE3AAYRmWiZRY0LJUo9n66lwIwyfCcHqMuzttyYU=","j7l8wO+7svdDKR0s4G1Zjnl7f9bDGCxe16makDT4E0o=","pNO0u9ejIjRnLDhgTRD8VnKk+pLP3dtNRn8gwb3eUyQ=","6082YUiWNZpnCeAUg/4wOf8bX2B+S55ZbX9u1RVkOYA=","6QU7KU9NWKI11YOS6PgiqpO1tuiAUWUeNrjTlhn0thQ=","lJmpY03FWSZQ2GOAxCbkJ93l0uCm/Ro+JcTyBh8cwIA="],"block_size":4096,"path":"www/assets/Poppins-Light.fb1ca566.woff2"},{"block_hashes":["JAvBHs8URP6YvZjpMFSPLwWOzfCAmSG1278k8bN3ljo=","/ERp3fX8/JX20zvQGNBC2mMozl6T2ACDTm4mlaSHG3s=","a6vtMAdJJzsypQSAZ5Fdwd0GuDss/V7HhVDkdHb68Eg=","5YUWaAjVhDHO8U1kzNG5l6faD9oL5tBRApBdSkGRqJw=","F8NfPpH8CbvqG2tSygiQlwEbfhOMW6kwqIm7n65ytwg=","c09EXF/YKMeSVHpc4s5+1NnFNBZUNNbK0Z6cK6xCnfQ=","jSlWKlvuY6Dr8uBHZq5IjmH6h+0iFJ5Zq3Lwh6ZB8Q0=","4PHNHM0iu2ixqOZoSbBKkYwMj8SULxSxzVywgwM0qyE=","6tT2qP5PYdHbL4BHAhWXIPFNsDCA2a5ifGRf5nGJUb0=","vA3BNKtTY1FE+RN1oWGliSNsCSl8WwNlv4MjsqQBgj4=","fjiXZ9D9JcBPRHqWhc7OYT9UBeiS9Biwwd8u/jnvBl8=","OWRL5l7ejgYYacPMS82DiNT4pgWmkuxC3lEBQpH03xE=","6bIyyjprn49Wc1TnMHweHyU6Myr37jjsslyQW+up870=","8RG7S3IZ4K6Uh/qAXzeCSqdWo3ncPuh5G4a9XN1dDEA=","4xyytxoaTOIiePPoj8F9OzYUD+0SqQfGLaiLebaPmq4="],"block_size":4096,"path":"www/assets/Poppins-LightItalic.bda4ebaf.woff2"},{"block_hashes":["jhFeSHjq0EN5tSab7e+QbxM3VFGy3bhLwgelM2rhu5U=","5PdNjPhJzgxq+akus9/Rjo4oUBzI0R7fVtp+ZMX9OTc=","cJgYRPwmectmsucZAouQ2fIZVrcox3B7yb6/kufVE7Q=","PIwo5xuGb5flrL/yYocSm7xoJFEawJCopAeXTSgRGso=","9rMe6ar4PZ7SKFvGw7ItoBw++x/0tFc1H67fEuN4W3E=","YR6wwEEwy1LQ2dK8uukg6F6tb85vGXhv8Q/J2E/IEVo=","Z0VneBwmoRi8GiFKciYOy7Yo5YrreM3WsrEfLiIqEIo=","bFB4FDRI/7Tj8TYrU0o9vrH37Tc9vi5mO6aaHpxHAJw=","GQ67ycpNAN3j2fPnW+n8QWnKWL6BU+1YHzRGqNTs7KM=","MZ+oaFXGIAwfId+SoxzEcAxUscGvmpZjptnHSCFtPLw=","qtr2nt5OR1Rj5T6Z10JdfnrSPlKKcgT7D43r4VhlBw8=","ZUoM+yZwtYElYyKJdA5v6L0b8o/3jGfQG6f9soDFUMM=","24hIfmidW01RiCWisIdMmtB++FB/THHMc+QxXU30AjI="],"block_size":4096,"path":"www/assets/Poppins-Medium.9b9b4a38.woff2"},{"block_hashes":["x4lxFQaIyj3ilUoOLYk/MSZic3WcaPHGPGbGrc9FHJo=","5BMzhjPkK0XP9J7pwWfTkYK7YuQAaUz1ONgTDg+suDg=","Ah2mgQ2ywISwQSuogwWLN/s4n8EzosXnUI72yrdIIik=","wksLxyfpKsBshxfJY097qp8OAAp4jcTzXx2p8sMeFPo=","Yw2W72PIehmgLszt8Sx2GTIgys54tg+2QsU2qCW4KZ0=","31S5J+k2iLRzSR+oikxA6AleJNfv7g388QzaWGRKiBs=","p7i369lSc1b9vMA/VI89tN0KYuS5+U6oPXrr32/LRMc=","WXGCnKTEF+iIVOALvEk7xfqBuCxM7z39zubmUZhtOJU=","g9ojzSMHTqPnjmrSrIEIMSJgZ//X6qBRhLJ+EXqUq/U=","nCtsRL+Qs2vmhUPf2+y9qJQbfzASBnwR+ocx2U5SUUA=","jZzHaYChwBaPDxL0NfA57uXOY7ZZZsEVoz2IbzgoKTo=","THWSfNXOn6q5lxr8ElfDMXbftig0nGyOzDZYDAdIFsQ=","rWxu82p8pjNsjbl+MrEy/mbn4s4pPzgQHrGts61dMxc=","c+x8iyl11lLS8yCDVj8Rrhha5v4E5zfozzpoExghSqg=","pWv019A7CIG4ZFNcLhc294MRCX61J2fAfQlYT8r3eW0="],"block_size":4096,"path":"www/assets/Poppins-MediumItalic.7d831f05.woff2"},{"block_hashes":["wLfdulyaKrc50eqsTPdnqW7L4kF4k5dnBFiZoymwYPw=","8XJz6xaxGPfi5Gs4QuA1/wy43+Mu1rPY6ZcUYho/nYc=","N4l6JTBbGKwy2PIAUjnQOGUnxXRlRH9dPBlYuvs0C7w=","DbmkiuZ9ZpdnFGhgYuJpaqv7KGXIEh4ul/jXkKVdouk=","HCi2vWuti0eePEeRIPNShVVKEWlREvQpdaWeFO+fCtk=","bWiCeRWcn3mWYcN9YZzub7O9rg0hr4X8cExodtfplt4=","JoO+NwVgShnOcWL6Lq5qs03hAT4asANItsswfw6SQec=","/VN3MIn+2nGowPJi1C7+RfEi+xC04EAeaUXNzfavujs=","LnN/+1oFyeZkbbvLT/SEu+Q/eGPcSDHWpl3M/xn6O2A=","IZCf1yBK5CZ/pxrNR/rh67/Fp+l5T3Dspo8xbWvreQI=","/QWvAcBIbGlGjC29ndQp/z47SUrJ+zNhl7f7WiHGpdc=","H7LaoZrqPEjuJgm/AEbd5Prq7nCWzYNIgyHJawF8G3k=","hNipuMEQ5Fx+sFh4xpJO0tbNejSk1QZkQHZ6Y+XreTw="],"block_size":4096,"path":"www/assets/Poppins-Regular.efb99a75.woff2"},{"block_hashes":["PybdOhHkyboQ2xrdGUZGJxPCXvxYGu36kpFv3NHqp48=","9vyzGogEteo4Vl6e8bNUxIa3THCqTP0Scvg8UjYbaw8=","fKJlgbuB4x4xay6qIfJvdlbEZ0lfZY/AdK3wZFqLPic=","rsHdTZeucjEquwlMYsJOgPoS1X/UTFlSW8yxCdar82w=","DGck1EQLNF00S2Ub/WZjNEXALob+hNj2tf0iLuzCG2g=","XQ5D6hpmxRNYyBtUTi8NwWOJkOrrMTzpvxS/d7S+zwE=","ZoJOfd1VwuyUWMZ/7O4RdNdQ1e+rg/02xL9jaEpDGdU=","ZR0mXJrJ9g/oY3qt5iPnDo6e7RyCzCJlgGrZzVe0QHA=","aVUZ3mXaksQHDEUat1rQr/wl8KJ96hkEzEZAwdzkjeY=","h5D7npKBrum+K35EQsTKkTHakOoAUWoqy0mQhVPCW1Q=","e58KPFsdlfE8RBbrvjE7TwrrjNWwurgEVP3s6kT5qOg=","p4jw4QR+V1Alb37HZBWlDgF6X7Gh8YFQZMHYIbhY+pM=","UwrAmvHhTHghikrapjL1rTRvEIzV/ufvZyEsVIFc2PE="],"block_size":4096,"path":"www/assets/Poppins-SemiBold.f5bbc891.woff2"},{"block_hashes":["Qrg/uKHRZij4/Pl5W8+EfwaSm+HHcDzg7m0bQ5+haEQ=","aczoBP8/e2GuuvBKCW+m5ozL5ZyDSMX11a3/Os9fjSg=","YCJb8sBDhWC+/yGPQSFjRZsKuMW6LRs0m4txSceJA/M=","m6aJW8NlhA4pxmW/3OmhfFUmh8SW4ogqFSQXUbKli7Q=","o1peH2ZSCzbn+OsRAs/1EF+YFp0sswKri3vP3cj7AYA=","UCneceivJBdQCyo4+h+ms0gDeItlPWBs68bau2PpHlU=","9N/kymsH2PSYjWtE8sOKPfIbqKej9/4EAYTVGzERr5Y=","1roJgPScVXdyQPhdIf++K7ZOzjVAjdG1cdAqWfPChc4=","7lOv23flT5sjqQOuDiwvhg92kSiVhgcHI40NWdA9m0M=","zIU12VdU5uU6o1LkDqSt8umcEoAalZuEKY1TOVa1VtA=","kcnFLNQfnRnwOdqEi9hdTdY8jPa+Uuvu6Gtmnu4xDZQ=","emMVoNejVKfdZs8VT9FEnnhI5eg42nvv4pXQmvHhx1k=","17eVGIPJRi/M5LLsK8tdiTv5UH5U8+269qfAFhHoGiA=","0Sqo84J5RUkisz+SEFvqBiUx+yRWv3X8bYFwGhI/wPQ=","UWlprOV76/C8d8yFILGsdy5tcN4U91eTjD+Sze6VBG8="],"block_size":4096,"path":"www/assets/Poppins-SemiBoldItalic.631bd3f6.woff2"},{"block_hashes":["4Yk00AhfkHthyLa9anfvuDg4wEso7KTYk60as0HdBFg=","/N+pE1l1sRP8S1NnCVBEMg7qhrVZgIUdUdmjKhN1VPY=","BoD7yAZ9F4HoaTYv3CRqfrJZ5fGZULEFxqAg8fYCD8U=","vQfQrb7DdsqvUnaZLYMdACQGkFrORAX7a0g/GCmE7C4=","X3LTic3VBiZvSCDYziFptMuwPbrs/ff19QbHs2uX5EU=","UF5wdKa9uu4Wo4ubVoR6oEP1JgZSJ2J8WVSxQ6351Sk=","TEYW0kmhC7J8GfdIjj7qnucnvyzNHjBKZV6d3R2mjfg=","Ncfw8SQmv3q0G4q7PE62CctD0lA7tOvqJhVQySX3tMQ=","zj7pYO05Wa/9VAWMDC/ccEVC2CyApaDCyxgaVlgDZCw=","tkMwR7B/u/Y2dtrK4cIWHXeJSN7D94AXhLMHk23wUaI=","JaGfRl1Y8PgUVYbR83/6uP+srFkk4HdbQcIhN058w+Q=","f0Vfe7Nj+NrvIPNvMwwWAcrqjsEEIX/0IbX0U1NMrVI="],"block_size":4096,"path":"www/assets/Poppins-Thin.7c230e71.woff2"},{"block_hashes":["Kyp/fvZTppixqBFOqXJioTnooqv7E21OqHljdpPRQBw=","+KblizMp/Pq9XIxbycUtl2jz2s7dXqvsfOU1HLz1D/c=","Azs3FfM6xU68Bv+VPBonf3QlBq+oauNLIkCLHVtiXFY=","40THBOmMl98V08B03KM5v2tF33ns9/nRQDLlMchbKlc=","SkddPtIFSnoTosdUiv/qlFM75FE6bxTBvHjgiuZ9bWM=","5MApahdveM3iRo61IAf6o+2bVLmky85fNFaI71sqgTo=","7dhs1MDQggurNJdaPAkLeAvFzjr8Yyf0SVOMIMhc7iU=","pgbTXa5sxSQZXOIkbM2rnXweV39rER51VGtCmA8NTyk=","/XjCcAsBgDnhYvDtlI2zdBS+gbq/TWH2KrbD/xN59aU=","IHL0pF1eYLeDQ2iUndr5U8eWVwRX9of/WPK2Bny5Q1I=","4RfFaZkTdpu17u3wLuaiL3YgeT/6F+U9+qvTiMGKjvM=","BB+w9lwWoQx2eRXkBD5UEyTg0hCFKTeMusxPsNhw+iw=","7ShnPQ51OJI7h9jMe1BZ67YptGM9aFnX/imy4pivB6M=","c8YkQY4MlWhwkqBJB/BB4QCxlPz+0puos03VMC0mVdE="],"block_size":4096,"path":"www/assets/Poppins-ThinItalic.a1a633c9.woff2"},{"block_hashes":["YIXJ7cSk5M3y3Y2AH8PWf78AuIWehgotP1uVNnL6mpU="],"block_size":4096,"path":"www/assets/question.6085c9ed.svg"},{"block_hashes":["0OfCSZToEnWZ4+hJJ7xDG6QNmUsSSddNbunZqh8HOrw=","SFvZchzTlFC0DMqZ4DWxp/v3QhQCkrN7eT+UjDBGYF4=","culKZlg/mRjjY2O7bXmyygNPD1KSUYHRj7whd4ePscs=","S6x4y548hft3Ahcg97pn0vVWDD24iYldxnLikNTt0i4=","fnSRQJw2t5O06/eGwUm2j4zfWJCgIBlpVN3TVtayUPs=","DsdKGL0bp3aeauEWSdJDomCTa8HPBS47zoFEA3OROQw=","1ZAdfEDX/hL5JfPbDqvJNJPD5/XPxFAhwAlgRauv7Io=","CkIfqA9kLz0eIPhVrioOwdgh4ByFQl6M2efvFt6T21o=","5bR6NjQWp+JIwV+Ark1u2KrulV9S/VTmXKf18lPhSAw=","wW8jpxs1xNeMFwCXTDP4Jojk2umpvQv7RqOh8C3VAbw="],"block_size":4096,"path":"www/assets/reCaptcha.63436d93.svg"},{"block_hashes":["bGL4hiIMO8sHJayGpi2n2agMM7RSXJv6/k9UBkn/AJA="],"block_size":4096,"path":"www/assets/ru.6c62f886.svg"},{"block_hashes":["i/Nnp1XK3JYbTfQFWrbbdg61QN8dptndP2kvq3w2djI="],"block_size":4096,"path":"www/assets/settings.8bf367a7.svg"},{"block_hashes":["QoFarahu2OfyDLqSL9M7nYJ7MjplcFzaUWKYARgRBZY="],"block_size":4096,"path":"www/assets/success.42815aad.svg"},{"block_hashes":["jb4L+TvUeKpD1CCGVcYrS5TqGhREG7y6Z/cM51s/45o="],"block_size":4096,"path":"www/assets/textToImage.8dbe0bf9.svg"},{"block_hashes":["6Z2evuR7NmYZS3YFPRKVhndd7OdZTxL0KKozUQEj/j0="],"block_size":4096,"path":"www/assets/tips.e99d9ebe.svg"},{"block_hashes":["5PXjLePq2gIYlf0cUY9dto7HlVn2bXmW55RiegMF4RE="],"block_size":4096,"path":"www/assets/Union.e4f5e32d.svg"},{"block_hashes":["wfIoQSpQYrvQL7w+VHJ4IODbvbwb3EqnVj3c6za0xDw="],"block_size":4096,"path":"www/assets/zh-CN.c1f22841.svg"},{"block_hashes":["uoy9vE+X5U47X9MviJWzHwdcd7QtnxPq2TeTlxOloRI=","bzoHlVdPcGnTCWzCBQMvyHLsiFtpw4WwiFijj8Fj414=","h4VPfycsagc61jXy9sR5f+4+CNs4Qk7Knrad4fMpGSs=","rLg6BPlGPx69fY12Szu7ipOdTJdg2tf6F+cbURYkIi0=","+yLVYzP/5QVfHi8XXWGAuJxcdhsdnckknK9DDNXlvVE=","Qz6xxISb6E9gPwAR//eqO2PoRePk+emiltf9GAyeVnY=","TWb9x6MgFBJWMDvAVUb6wjwe/z9oKIgdsTcdPci1hHI=","V0RDjxLRQ6N3rCS1NLORYnFDjXuBcMKZJgslVqZI8/c=","GBjJ5WGjRdXj2qivVOesi3x/FDy0FcoIGmOkIxWk3Ts=","yMKjR46ugQt5RNE2coBBIpITIILgTZ+eGVqs45aUQPU=","HzGEOAwMfN9FpUU3neHJKoKsNCHZcj92hMlA/8qpgUc=","bvCCwZzdg+bBjg07Cl0XdmOrQumMKQeYct+UUi0T8Oo=","1EGx6WVulrMce3BTbHrt5cy6k1fBBC7nRghvGiX3yWs=","iIlnPp4kCgZ5ESFdsofpvQc2RTeghV93csH7pl5ders=","GZ//UkzlNKAzABYSCU0py19wOCUvPh3MRFg+1JLtdkU=","MP3yZYGLYhfrDCFLQ70Zb0pZE84DMB7wXfMUN0nAf5A=","dRjrmgnT8oqJyklRfu1bStO+dilOwVH877bsH5RLLUE=","t7Cm7YfAM5G+aFHbVgDnTope7KUUox+rLApsdrKw6Cw=","LDVyVhHRXdr7vIVP3nA4rbaPNosCEQYbNFM5LjTfFUc=","RB/++8TxbvuLbyxel72LpDmYuO9a1tsUDMyS/1l7xOk=","sk/6PbNN6J3qOmNLskOcXHN81OP6uacmV7zgi01XZBc=","s9IOj7v37HyYex1aIXB5owVSy9LCNiB7HfhYcBGdoI8=","X5XWSnLLDioY+tV2eDdQIwwFMerUlPGY+fO6ln9WdzU=","IEd3NujRS1HwhvpPQyYDhFo0Iex789ZdshoOzT495sU=","9mOYHtdkrjlKiR03V2eMfjrDKm2NzeWLe82zK0EP9Ho=","CHiLhckkykn8aF90Zi3pN93oxCnZzDiUXeiCF+PEauk=","uJzOgZjO47QzypsvyXCcB09cIp/6r5wxlxrm/La9zzw=","FFen12k+qb3lu28vp4fFxlsgB3p3Tpf+3QUcnNvgRWc=","2EO9hNzOa02QqEKy469rbJcYczjpyXltxbNGiwEz19I=","G6waRfedhtR08h6r70joiFq3gY1lYooLNgMsj7lE7+U=","NM3ZcGhnD+v4D85mR5R9p7w8P+phPWAQUclHCpaJMaQ=","A6ico3DGeCCUTxQnU3LrBPLApGaxqIFzHAuCNqDHNro=","1pMl4BcLHVBQVEZhiM906FUbeoAmN5ifr409Ju+lQNI=","LYjyGaVUUFB1RKkyCXKHnpEbOKQi3pdDlVLqbK7KF+c=","wQ6+fu3yPRiQWsdT5+08nTTD8m7S5bz/kS6wGz0dYtw=","77vksbZPEtRXa1UFxZW39dnzuMZoh7afJruhRcgOutY=","hwOEoXKnsoYVZB/RFOfmFYp4hkIJ1lt3HuSEgPaocfM=","BP22eRjZH2UdJI0TdgpAiE9qmpa56U+KQtnt2/1E1lY=","NzJgdhKVSVynLOXIGhl+sX7LAwqWoZvH0B8OwZO44AA=","Yp+PuU0hc7nMNgUhCT0gcdaakK9/rDAEC/1u+W9/qzw=","E50NoKtj4urHf0WcRMMbNox32pSxfX42ibs8kCqviBM=","uVqXQbBUDIj5FxQf6Yj3xqu2006lo7bB9GRoBzVwsSc=","e84+FYziUlqMXabIE//V+s4QbxL8c1nhAyJSTS2CeKA=","8Z7f7NkiLf+b2CMvzy1U7SeLUkuaTL9gjclFeVH36Xk=","zSL2z38qEo689vtRMusAE7h3k5/1zYn0DfwWUTCB9fg="],"block_size":4096,"path":"www/favicon.ico"},{"block_hashes":["P0lg1RI0sXg/p4Wf/MWpS8zU5oJLshv5kYi/UdGeYW8="],"block_size":4096,"path":"www/index.html"},{"block_hashes":["dFTpXxCM7gy40gF3H4lBP2BVz7KKV6pCSmE4P/JMzwo=","eXzuTtPAlKXLha28qPcEms7QpsDYrkoU1p4bvCx2PTc=","qs0NnEGpF4eLJbLpPxUrJKd5ycru1HbumnDzWeOF13c=","c3eqZE2//V3lT8/DWGYGjrXTXhq/ZhWs9GECSnOzRB4="],"block_size":4096,"path":"www/logo.png"}],"version":2}